Operator,Total Fatalities,Total Aboard
Aeroflot,8848,11322
Military - U.S. Air Force,3395,4113
Air France,1717,2866
American Airlines,1422,2122
Pan American World Airways,1303,3097
Military - U.S. Army Air Forces,1070,1100
United Air Lines,1019,2461
Avianca,951,1077
Turkish Airlines (THY),890,956
Indian Airlines,860,1451
China Airlines (Taiwan),847,1590
Air India,827,927
Trans World Airlines,784,1577
Japan Air Lines,764,1094
Pakistan International Airlines,743,840
Korean Airlines,712,1449
Military - U.S. Navy,699,766
Eastern Air Lines,696,1357
Malaysia Airlines,671,690
KLM Royal Dutch Airlines,635,817
Military - Russian Air Force,596,627
Pan American World Airways / KLM,583,644
Military - Afghan Republican Air Force,578,578
Garuda Indonesia Airlines,571,1200
Military - U.S. Army,562,711
British Overseas Airways,551,811
Iran Air,548,655
Military -Royal Air Force,522,529
British European Airways,512,621
Ceskoslovenske Aerolinie,504,626
Egyptair,497,591
Iberia Airlines,482,530
Military - Royal Air Force,480,507
Cubana de Aviacion,479,609
Alitalia,471,595
Ethiopian Airlines,470,654
Northwest Orient Airlines,467,650
Alia Royal Jordanian Airlines,463,508
Philippine Air Lines,456,1712
Military - Indonesian Air Force,428,428
Military - Indian Air Force,426,428
Varig,423,655
Lot Polish Airlines,416,513
Swissair,411,571
Sabena,405,496
Air Vietnam (South Vietnam),400,515
VASP,388,719
Deutsche Lufthansa,383,499
Thai Airways,358,442
Balkan Bulgarian Airlines,356,562
Saudi Arabian Airlines,349,640
Saudi Arabian Airlines / Kazakhstan Airlines,349,349
Aerolineas Argentinas,341,443
Mexicana,337,453
Military - Algerian Air Force,337,338
United Arab Airlines,337,342
South African Airways,336,346
Military - U.S. Marine Corps,333,392
China National Aviation Corporation,331,417
Military - Soviet Air Force,320,325
Military - German Navy,313,339
Merpati Nusantara Airlines,311,421
TAM (Brazil),310,488
Air Algerie,303,321
Linea Aeropostal Venezolana,303,368
Delta Air Lines,299,578
Military - Iranian Air Force,295,315
TAME,294,302
Kenya Airways,283,293
Lloyd Aereo Boliviano,279,279
Dan Air Services,278,308
Military - Islamic Revolution's Guards Corps,275,275
Military - Sri Lanka Air Force,273,273
Panair do Brasil,268,337
Union des Transportes Aeriens,263,265
Air New Zealand,261,266
Nationair (chartered by Nigeria Airways),261,261
Arrow Airways,256,256
United Air Lines / Trans World Airlines,256,256
Gulf Air,255,255
Aeroflot / Aeroflot,253,253
CAAC,251,513
Burma Airways,250,305
Canadian Pacific Air Lines,247,368
Martinair Holland NV,247,531
Spantax,242,591
United States Airlines,231,301
Malev Hungarian Airlines,227,253
All Nippon Airways,226,777
Austral Lineas Aeras (Argentina),224,258
Metrojet,224,224
Sudan Airways,224,439
Fuerza Aérea del Peru,223,269
Lauda Air,223,223
Satena,218,230
Braniff Airlines,216,263
Military - Angolan Air Force,216,257
China Northwest Airlines,215,273
Lion Air,214,460
Faucett,213,229
Interflug,213,313
Trans Canada Air Lines,212,263
Royal Air Maroc,211,232
Cruzeiro,208,310
Tajikistan Airlines,208,213
Far Eastern Air Transport,207,292
Military - Argentine Air Force,207,207
Ariana Afghan Airlines,201,323
USAir,198,303
Military - Brazilian Air Force,197,223
Olympic Airways,195,211
TAROM,194,385
Imperial Airways,193,282
Lineas Aereas Nacionales SA (Peru),190,192
"Alas Nacionales, leased from Birgen Air",189,189
Loftleidir Icelandic Airlines,187,266
Military - Royal Saudi Air Force,187,187
Military - Royal Australian Air Force,186,190
Military - Philippine Air Force,181,184
Military - Vietnamese Air Force,181,182
Inex Adria Aviopromet (Yugoslavia),180,180
SAM Colombia,178,178
China Southern Airlines,176,215
Inex Adria Aviopromet / British Airways,176,176
Surinam Airways,176,187
Ukraine International Airlines,176,176
Flying Tiger Line,174,230
Military - French Air Force,173,176
Lufthansa,170,341
Pulkovo Airlines,170,170
China Southwest Airlines,169,169
Mandala Airlines,169,187
SAETA,169,170
Caspian Airlines,168,168
West Caribbean Airways,168,174
Air Inter,167,184
Nigeria Airways,167,314
National Airlines,164,414
All Nippon Airways / Japanese Air Force,163,164
AirAsia,162,162
Air India Express,159,166
Military - Federal Nigerian Air Force,158,158
Libya Arab Airlines / Military - Libya Air Force,157,157
Military - Ethiopian Air Force,157,171
REAL,157,187
TAAG Angola Airlines,157,234
Gol Airlines / Private,154,161
Northwest Airlines,154,155
Spanair,154,172
Dana Air,153,153
Airblue,152,152
Civil Air Transport,152,217
Yemenia Airway,152,153
Germanwings,150,150
Flash Air,148,148
LAN,147,230
Iran Air Tours,146,265
LANSA,146,147
Aviateca,145,183
Military - Nicaraguan Air Force,145,151
Vladivostokavia,145,145
Independent Air Inc.,144,144
Trans Service Airlift,144,165
Aviation Development Corporation,143,143
Itavia,141,145
Vnokovo Airlines,141,141
Capital Airlines,140,201
Cathay Pacific Airways,140,275
Middle East Airlines,140,140
Trans Continental and Western Air,140,182
Union des Transports Aeriens de Guinee,140,161
MIAT - Mongolian Airlines,139,153
Air Canada,138,355
Pacific Southwest Airlines / Private,137,137
Southern Airways,137,160
JAT Yugoslav Airlines,136,187
Transair Georgia Airlines,135,159
Western Airlines,135,216
Iran Air Tours / Military - Iranian Air Force,133,133
Air Philippines,131,131
British Eagle International Airlines,131,131
TAP (Air Portugal),131,164
TAM (Bolivia),130,133
TAN,130,149
Ukrainian Cargo Airlines - Congolese Army Charter,129,200
Air China,128,166
China Southern Airlines / Xiamen Airlines,128,226
Private,128,147
Bhoja Airlines,127,127
Sterling Airways,127,208
Globe Air,126,130
Military - Chinese Air Force,125,125
Sibir (S7),125,203
Baikal Air,124,124
China Northern Airlines,124,214
Sibir Airlines,124,124
Compania de Aviacion Faucett SA (Peru),123,123
Scandinavian Airlines (SAS),123,459
Military - Myanmar Air Force,122,122
Helios Airways,121,121
British Midland Airways,119,210
Bellview Airlines,117,117
Aviaimpex (Macedonia),116,116
Military - Polish Air Force,116,116
Aero Transporti Italiani,114,149
Scandinavian Airlines (SAS) / Private,114,114
Armavia,113,113
Aviaco,112,139
Cubana (leased from Global Air),112,113
Caledonian Airways,111,111
Aigle Azur,110,117
ValuJet,110,110
Military - Islamic Republic of Iran Air Force,109,109
China General Aviation Corporation,108,126
Invicta International Airlines (UK),108,145
Libya Arab Airlines,108,113
Sosoliso Airlines,108,110
Linee Aeree Italiane,107,114
Air America,106,151
Military - Republic of South Korea Air Force,106,106
Military - Sudanese Air Force,106,113
Transocean Air Lines,106,184
Military - Royal Thai Air Force,105,111
Air Mali,104,118
Cebu Pacific Air,104,104
Kam Air,104,104
SilkAir,104,104
Afriqiyah Airways,103,104
Adam Air,102,102
Compania Dominicana de Aviacion,102,102
Military - Pakistan Air Force,102,102
Royal Nepal Airlines,102,154
Britannia Airways,99,362
Far East Aviation,98,98
Pennsylvania Central Airlines,98,106
ADC Airlines,97,160
Air Rhodesia,97,115
British South American Airways,95,118
Vietnam Airlines,95,97
Aerovias de Guatemala SA,94,94
Australian National Airways,94,115
Aerolineas TAO,93,95
Avensa,93,133
Iberia Airlines / Aviaco,93,135
Military - Venezuelan Air Force,93,93
TACA,93,158
Northeast Airlines,92,208
Russian Air Force,92,92
China Eastern Airlines,91,437
Military - Sudan Air Force,91,137
Military - U.S. Air Force / Military - U.S. Air Force,91,91
American Eagle,90,99
One-Two-Go Airlines,90,130
Military - Royal Canadian Air Force,89,102
Air Ferry Ltd,88,88
World Airways,88,312
Allegheny Airlines,87,209
Military - Azerbaijan Air Force,87,87
Military - Zairean Air Force,87,91
Comair,86,87
Piedmont Airlines / Private,86,126
Qantas,86,167
TABA,86,117
Aviaco Condor,85,85
Maritime Central Airways,85,85
Paradise Airlines,85,85
Somali Airlines,85,110
Aer Lingus,84,84
Military - Honduran Air Force,84,99
Venezolana Internacional de Aviacion,84,84
Allegheny Airlines / Forth Corporation,83,83
American Flyers Airline,83,98
Continental Airlines,83,781
Military - Georgian Air Force,83,83
Palair Macedonian,83,97
President Airlines,83,83
Singapore Airlines,83,179
Transportno Aviatsionno Bulgaro-Soviet Obshchestvo,82,82
Air Mauritanie,80,93
Fairflight Ltd.,80,83
Fuerza Aérea Colombiana,80,80
Military - Royal Moroccan Air Force,80,80
Trigana Air Service,80,80
Aeropesca Colombia,79,79
Compania Mexicana de Aviacion,79,79
Ala Littoria,78,111
Aviogenex (Yugoslavia),78,83
Cameroon Airlines,78,265
Misrair,78,103
Wenela Air Services,78,84
Aeromexico,77,199
Aerovias Venezolanas SA (Venezuela),77,77
Hewa Bora Airways,77,200
Military - Russian Air Force / Military - Russian Air Force,77,83
Aeroflot / Soviet Air Force,76,76
Bakhtar Afghan Airlines,76,91
Hang Khong (Vietnam),76,90
Myanmar Airways,76,146
Aeroflot Russian International Airways,75,75
Inex Adria Aviopromet,75,120
Military - German Army,75,76
Military - Royal Belgian Air Force,75,88
Military - Union of Burma Air Force,75,76
Military - US Navy,75,75
Ukranian-Mediterranean Airlines,75,75
Air Florida,74,79
EAS Airlines (Executive Airline Services),74,77
Military - Israel Air Force,74,74
Military - Republic of China Air Force,74,74
Asiana Airlines,73,419
Military - Israel Air Force /Military - Israel Air Force,73,73
Bashkirian Airlines / DHL Worldwide Express,71,71
LAMIA Bolivia,71,77
Mohawk Airlines,71,139
Saratov Airlines,71,71
SATA,71,92
Aeronaves de Mexico,70,173
Aeroperu,70,70
Aerosweet Airlines (LVOV),70,70
Galaxy Airlines,70,71
Military - Mozambique Air Force,70,79
Transportes Aereos del Caribe,70,70
Ansett ANA,69,70
AREA,69,69
Aerocaribbean,68,68
El Al,68,69
Itek Air,68,90
Lineas Aereas de Espana/Spantax SA Transportes,68,182
Toa Domestic Airline (Japan),68,68
Aeromexico / Private,67,67
Air Madagascar,67,73
Military - Peruvian Air Force,67,77
Transbrasil,67,72
Alyemda,66,70
Iran Aseman Airlines,66,66
Iran Asseman Airlines,66,66
AB Aerotransport,65,71
Air Nautic,65,65
Military - US Air Force,65,67
Aeroflot / Kazakhstan,64,103
Military - Egyptian Air Force,64,75
Piedmont Airlines,64,67
East African Airways,63,127
Iraqi Airways,63,106
"LAPA, Lineas Aereas Privadas Argentinas",63,103
LATI,63,63
Miami Airlines,63,81
Military - Hellenic Air Force,63,63
Wideroe's Flyveselksap,63,76
Flydubai,62,62
Air Manila,61,80
Military - Italian Air Force,61,63
Pelita Air Service,61,72
REAL / Military - U.S. Navy,61,64
Aerolineas Nacionales,60,60
Ecuatair,60,60
Military - U.S. Navy / Military - U.S. Navy,60,68
Royal Air Lao,60,60
TAROM (Transporturile Aeriene Romane),60,60
Military - Zambian Air Force,59,59
Wuhan Airlines,58,79
Asa Pesada,57,57
Atlasjet Airlines,57,57
Military - Chilean Air Force,57,102
Military - French Naval Aviation,57,57
Military - Unified Yemen Air Force,57,57
Pan African Airlines,57,57
Air Afrique,56,218
Fuerza Aérea Argentina,56,72
Military - Bolivian Air Force,56,60
Military - Royal Nepalese Air Force,56,56
New Zealand National Airways,56,81
Scottish Airlines,56,108
British Airtours,55,137
Eastern Air Lines / Military - Bolivian Air Force,55,55
Indian Airlines/Alliance Airlines,55,58
Lionair,55,55
Partnair,55,55
Azerbaijani Airlines,54,82
Bouraq Indonesia Airlines,54,81
Norwegian Airlines,54,80
T.A. Intercontinentaux (France),54,65
Federal Airlines,53,53
Formosa Airlines,53,65
Pacific Western Airlines,53,75
Strato Freight,53,81
Curtiss-Reid Flying Services Ltd. (Canada),52,52
Military - French Navy,52,52
Military - Soviet Navy,52,52
Transport Aerien Intercontinentaux (France),52,64
Aeropostale,51,65
Intercontinental de Aviacion,51,52
Military - Ariana Afghan Airlines,51,51
Military - Mauritanian Air Force,51,54
US-Bangla Airlines,51,71
Central African Airways,50,93
Gor'ky Eskadril'ya,50,50
Hughes Airwest / Military - US Marine Air Corps,50,51
Military - Dostum-Galboddin Militia,50,70
Stavropol Airlines,50,50
Tararstan Airlilnes,50,50
Transasia Airways,50,60
Union of Burma Airways,50,60
Bangladesh Biman,49,49
Continental Connection/Colgan Air,49,49
Indian Air Force,49,51
Lao Airlines,49,49
Military - Iranian Revolutionary Guard Corps Air Force,49,49
Military - Ukraine Air Force,49,51
Petroleum Helicopter,49,51
Romanian Banat Air,49,49
United Air Lines / Military - U.S. Air Force,49,49
Aereo el Venado,48,49
Military - British Air Ministry,48,54
Military - Congolese Air Force,48,52
Military - U.S. Marine Corps/Military - U.S. Marine Corps,48,61
Sociedad Aeronautica Medellin,48,48
Bulair TABSO,47,89
Capitol Airlines,47,229
COPA (Panama),47,47
Finnair,47,49
Fuerza Area Angolaise,47,47
LAV - Linea Aeropostal Venezolana,47,47
Loide Aereo Nacional,47,51
Military - Belgian Air Force,47,54
RusAir Airlines,47,52
Aeronor Chile,46,46
Avio Linee Italiane,46,50
Bali International Air Service,46,55
Military - Kenyan Air Force,46,46
Military - Royal Airship Works,46,46
Military - Venezuelan Navy,46,47
Pacific Southwest Airlines,46,129
Santa Barbara Airlines,46,46
T.A. Intercontinentaux,46,56
TANS Airlines,46,46
Aden Airways,45,45
Aerolineas Centrales de Colombia,45,45
British International Helicopters,45,47
Pacific Air Lines,45,63
Sukhoi,45,45
Tara Air,45,45
Vayudoot,45,45
Wigmo,45,45
Aca-Ancargo,44,44
Aerolineas Condor,44,44
Aeromist-Kharkiv,44,44
Henan Airlines,44,96
Los Angeles Airways,44,44
Military - U.S. Army / Military - U.S. Army,44,44
Pamir Airlines,44,44
Shanxi Airlines,44,48
Taxader Airlines,44,58
Tigres Voladores,44,65
Uruguayan Air Force,44,44
YAK Service,44,45
Aquilla Airways,43,58
Cubana de Aviacion / Military - US Navy,43,43
Kish Airlines,43,46
Pan African Air Charter,43,43
TAM Lineas Aéreas Regional,43,51
Transasia,43,58
Aerocondor Colombia,42,42
Braathens,42,57
Military - Slovak Air Force,42,43
Peruvian Naval Aviation,42,43
Saha Airline Services,42,208
Aeroflot Russian International Airlines,41,78
Allied Services Limited,41,43
Congo Airline,41,41
Indian National Airlines,41,41
Military - Navy,41,46
Military - U.S. Air Force / Military - U.S. Navy,41,41
Societe Aerienne du Littoral,41,43
Tartarstan Airlines,41,41
Volga-Avia Express,41,41
ACES Colombia,40,41
Aeroflot /Military - Russian,40,40
Associated Air Transport,40,40
AVISPA,40,40
Icelandair,40,66
Military - Deutsche Luftwaffe,40,40
Military - Imperial Iranian Air Force,40,40
Military - Sri Lankan Air Force,40,40
TANS Peru,40,98
Wien Consolidated Airlines,40,44
American Overseas Airlines,39,39
Cambodia Air,39,59
Cunard Eagle Airways,39,39
Devlet Hava Yollari,39,61
Lancashire Aircraft Corporation (Skyways),39,39
Miliitary - SATENA,39,39
Military - South African Air Force,39,39
Sepahan Airlines,39,48
Societe Alpes Provence,39,39
Trans Australia Airlines,39,42
US Aerial Mail Service,39,42
Uzbekistan Airways,39,70
Atlantic Southeast Airlines,38,57
AVIANCA / AVIANCA,38,38
Bangkok Airways,38,38
Lake Central Airlines,38,38
Lineas Aéreas La Urraca,38,48
Ozark Air Lines,38,44
Paraense Transportes Aereos,38,40
Paukn Air,38,38
Airfast Services,37,37
Dirgantara Air Services,37,48
Force Area Populaire de Angola,37,37
Lloyd Aereo Colombiano,37,51
Military - El Salvador Air Force,37,37
Military - Russian Navy,37,40
Missionary Aviation Fellowship,37,71
New Guinea Air Traders,37,37
Sakha Airlines,37,37
Scibe Airlift Cargo Zaire,37,37
Silver City Airways,37,52
Syndicato Condor,37,45
Syrian Air Force,37,37
Talair,37,65
ARTOP Aerotopografica LDA,36,36
Empresa Aviacion del Pacifico,36,36
Kuban Airlines,36,36
Ladeco,36,36
Military - Force Aérienne Zaïroise,36,36
Military - Mexican Air Force,36,36
Military - U. S. Air Force,36,36
Milne Bay Air,36,45
New Tribes Mission,36,36
Sierra Pacific Airlines,36,36
Trans Canada Air Lines / RCAF,36,36
United Airways,36,36
Deutsche Zeppelin Reederei,35,97
Eagle Aviation,35,55
El Venado,35,35
Kalinga Airlines,35,36
Military - Royal Lao Air Force,35,35
Military - West German Air Force,35,40
Mineral County Airlines,35,35
Polynesian Airlines,35,37
Sobelair SA (Belgium),35,35
Standard Airlines,35,48
Aero Holland,34,35
Aerocaribbean - Charter,34,34
American Airways,34,36
BOAC,34,48
Crossair,34,43
Derby Aviation,34,34
Florida Commuter Airlines,34,34
Garuda Indonesia Airlines / Garuda Indonesia Airlines,34,34
Government of Mozambique,34,44
Lineas Areas Venezolanas,34,34
Military - Madagascar Air Force,34,34
Military - Turkish Air Force,34,34
Military - U.S. Army Air Service,34,45
Moldovan Aeriantur-M Air Cargo,34,35
Olympic Aviation,34,34
Shell Co of Ecuador,34,34
United Nations,34,43
USAir / Skywest Airlines,34,101
Yacimientos Petroliferos Fiscales,34,34
Aeroput,33,38
Air Transport,33,38
Ala Littoria SA,33,34
CNAC,33,64
Hunting Air Travel,33,63
Lineas Aereas del Estado,33,49
Military - Luftwaffe / Military - USAF,33,33
Military - United States Army Air Force,33,50
Mozambique Airline,33,33
Pan American Airways,33,60
Rico Linhas Aereas,33,33
Servicios Aereos Nacionales Airways,33,33
Uganda Airlines,33,52
UTAir,33,43
Airborne Transport,32,32
Airline Transport Carriers,32,32
Alfa Airlines,32,32
"Charter, Golden Eagle Aviation Inc.",32,40
Dominicana,32,32
Dutch Dakota Association,32,32
Expresso Aéreo,32,74
PAS,32,32
Prinair,32,60
Transair,32,32
Aeroflot / Military - Russian Air Force,31,32
Aeronica,31,34
Austrian Airlines,31,37
Azerbaijan Airlines,31,35
Deccan Airways,31,45
DTA Angola Airlines,31,34
Linjeflyg,31,43
Midwest Express,31,31
Military - Colombian Air Force,31,31
Military - Pakistan Army,31,31
Military - U.S. Marines,31,31
Rousseau Aviation,31,31
Aeroperlas,30,32
Afghan Army,30,30
ANDESA,30,30
COHATA,30,35
Faraz Qeshm Airlines,30,30
Gambcrest,30,56
Military - FANA Forca Aerea Nacional Angolana,30,36
MMM Aero Services,30,30
Queen Charlotte Airlines,30,30
Sempati Air,30,50
TAESA,30,30
Yeti Airlines,30,31
Agni Air,29,35
Air Laos,29,29
AIRES Colombia,29,158
Bonanza Airlines,29,29
Lineas Aereas de Angola,29,29
Military - Cuban Air Force,29,29
"National Jet Services Inc., (Air Indiana)",29,29
North Continental Airlines (Robin Airlines),29,29
Rimouski Airlines,29,29
Uruguayan Air Force - TAMU,29,45
Aerolineas Litoral Argentina,28,30
Air Guadeloupe,28,33
Airline PNG,28,32
Airlink,28,28
Cheremshanka Airlines,28,28
Fuerza Aérea Nicaragua,28,28
Loide Aéreo Nacional,28,97
Military - Salvadoran Air Force,28,28
Military - Tajik National Guard,28,28
Military - U.S. Air Force / U.S. Air Force,28,31
Military U.S. Navy / Military - U.S. Navy,28,28
Peninsular,28,74
Regional Airlines,28,52
Syrian Airways,28,34
Taxi Aereo de Santander,28,28
Trans World Airlines / Private,28,168
Turkish Airlines THY,28,29
Westair Transport,28,65
Aero O-Y,27,27
Bazair,27,27
Charter - IRS Aero,27,27
Charter - Maniema Union (owner Victoria Air),27,27
Classic Wings,27,30
Frigorifico Cooperativo Los Andes,27,27
Lebanese International Airways,27,27
MAP,27,27
Military - Guatemalan Air Force,27,29
Military - Kazakhstan Border Guards,27,27
Military - Nigerian Air Force,27,32
Military - Royal Indian Air Force,27,27
North Central Airlines,27,45
Prestige Airlines (Cargo) Charter,27,27
Staer Air,27,27
Taiwan Airlines,27,31
Viking Air Transport,27,27
British United Airways,26,27
Cie Air Transport,26,26
Continental Charters,26,40
Cruzeiro Do Sud,26,26
Lao Aviation,26,35
MacRobertson Miller Airlines,26,26
Military - Lao People's Liberation Army Air Force,26,26
Military - Royal Jordanian Air Force,26,26
Military - U.S. Army / Military U.S. Army,26,26
Pakair,26,26
Petroproducción,26,26
Servicios Aéreos Especiales,26,26
Solomon Islands Airlines,26,26
VASP / Private,26,26
Aerovias Guest,25,25
Air Senegal,25,52
Cathy Pacific,25,26
Flugefelag,25,25
Grand Canyon Airlines / Helitech,25,25
Military - Colombian Army,25,29
Military - Royal British Navy,25,34
Military - U.S. Army Air Forces / Military - U.S. Army Air Forces,25,25
Military - United States Navy,25,25
Resort Airlines,25,41
SAMSA,25,46
VOTEC,25,28
West Coast Airlines,25,25
Aerotaxi Manaus,24,28
Air Ontario,24,69
Air Union,24,54
Bristow Helicopters,24,32
Douglas Airways,24,28
Edwin Ortiz,24,24
Georgian Air,24,24
Lineas Aereas,24,24
Military - Centrafricain Airlines,24,24
Military - People's Army/ Military - Peoples Air Force,24,24
Military - US Army,24,24
Military - Venezuelan Army,24,24
Pacific Overseas Airways,24,24
Permaviatrans,24,24
Queensland Airlines,24,24
Rutaca Airlines,24,24
Servicios Aereos Nacionales,24,24
Si Fly - U.N. charter,24,24
Thai International,24,80
Transcontinental,24,35
Transportes Areos Nacionales,24,24
United Nations - UTair Charter,24,24
Aerovias Contreras,23,23
Antillean Airlines,23,63
CAAK,23,23
CTA Languedoc Roussillon,23,27
Latecoere Airlines,23,23
Military - Japan Maritime Self Defense Force,23,26
Military - Peruvian Army Aviation,23,23
Military - Royal Hellenic Air Force,23,27
Pan American Grace Airways,23,23
Rico Taxi Aéreo,23,31
SAESA,23,23
SANSA,23,23
Transafrik,23,23
Transport Arien Transregional,23,23
ADES Colombia,22,23
Aero Taxis Equatorianos,22,24
Aerovias Urraca,22,28
Air Lanka,22,150
Arctic Pacific,22,48
Avisto,22,41
Central Air Transport,22,89
CIDNA,22,23
Europe Aero Service EAS,22,22
Lineas Aéreas Costarricenses LACSA,22,22
Lineas Areas Unidas,22,22
Military - Ecuador Army,22,22
Military - Ecuadorean Air Force,22,22
Military - Spanish Air Force.,22,22
Pan International,22,121
PMT Air,22,22
Regina Cargo Airlines,22,23
Skyline Sweden,22,22
SOL Lineas Aereas,22,22
Southwest Airways,22,22
TAM (Peru),22,26
Tech - Aeronautical Explotiation,22,22
TMK Air Commuter,22,22
Aerocalifornia,21,21
Aerolift Philippines,21,21
Aerolineas Abaroa,21,21
Aerosucre Colombia,21,40
Africa One Congo,21,22
Air Littoral,21,37
Alas Chiricanas,21,21
Chilean Air Force,21,21
FAMA (Argentina),21,21
JS Air,21,21
KNILM,21,26
L'Armée de L'Air,21,21
Military - Florida Army National Guard,21,21
Military - Fuerza Aérea del Peru,21,21
Military - United States Air Force,21,21
NFD - Nurnberger Flugdienst,21,21
Pakistan Airways,21,21
Paramount Airlilnes,21,22
Philippine Air Force,21,28
Quebecair,21,42
Sabah Air,21,21
Sadia,21,25
Sahsa Airlines,21,72
SCAT Air,21,21
"South African Airways, leased from British Overseas Airways",21,21
Trans-Luxury Airlines,21,22
Tropical Airways,21,21
US Air Express/Air Midwest,21,21
Aerocaribe,20,39
Agencia Interamericana de Aviada,20,27
Air Moorea,20,20
Aloha Island Air,20,20
Avicsa,20,40
British Airways Helicopters,20,26
CATC,20,20
Chalk's Ocean Airways,20,20
Deruluft,20,28
Downeast Airlines,20,26
F.R. de la Direccion General de Ados,20,20
Fuji Airlines,20,42
Gulf Aviation (Kalinga Airways),20,20
Jamair,20,31
Ju Air,20,20
Khalatyrka,20,20
Kranoyarskie Vozhjushnye Trassy,20,20
Krasnoyarskie Avialinii,20,20
Lanica,20,36
Las Vegas Airlines,20,20
Luxair,20,22
Military - (2) U.S. Army Air Forces,20,20
Military - Angolan Armed Forces,20,25
Military - Colombian government,20,20
Military - Royal Netherlands East Indies Air Force,20,20
Military - Taliban Militia,20,20
Military - TAM (Bolivia),20,20
Military - U.S. Army Air Force,20,21
Naftogaz,20,20
Pacific Western,20,25
Trafik-Turist-Transportflyg,20,25
Trans Mediterranean Airways,20,20
Transporte Aereo Federal,20,20
Aero Ferinco Charter,19,19
Air Caraibes,19,19
Blue Wing Airlines,19,19
British Commonwealth Pacific Airlines,19,19
Buddha Air,19,19
Busy Bee Congo,19,19
Everest Air,19,19
Executive Airlines,19,19
Filair,19,20
Fujita Koku Kabushki Kai,19,19
Gabon Express,19,30
Kamchatka Airlines,19,34
Laoag International Airlines,19,34
Military - Royal Norwegian Air Force,19,19
Militiary - US Air Force,19,19
Pacific Coastal Airlines,19,28
Panagra,19,23
SELVA,19,19
Sita Air,19,19
TAC Colombia,19,19
Team Air,19,19
Tracep,19,19
Transportes Aereos Nacionales,19,19
U. S. Air Force,19,19
VOTEC / VOTEC,19,35
Aerflot,18,18
Aero Service,18,18
Aeropeca,18,18
Aerovias Brasil,18,20
Aerovias Rojas,18,18
Air Outremer,18,18
ALFA,18,24
Boeing Aircraft Company,18,18
Charter -Federal Electricity Commission,18,19
Chicago and Southern Airlines,18,18
Coastal Air Lines,18,27
Express Airlines - Northwest Airlink,18,18
GT Air,18,18
Helikopter Service,18,18
Jetwingsco Inc. - Private Charter,18,18
Lineas Areas del Centro,18,21
Lumbini Airways,18,18
Mac Roberston-Miller Airlines,18,18
Manchurian Air Lines,18,18
Merpati Nasantara Airlines,18,20
Military - Australian Army Aviation,18,28
Military - Royal Lesotho Defence Force,18,18
Military - Russian,18,18
"Military - Russian, cargo",18,18
Military - U.S. Air Force/Military - U.S. Air Force,18,18
Military - U.S. Misson,18,18
Military - Vietnam People's Army Air Force,18,19
Nepal Airlines,18,18
Nile Delta Air Services,18,18
Nusantara Buana Air,18,18
Pathet Lao Airlines,18,18
Pawan Hans Helicopters Ltd.,18,23
Ryan Air Services,18,21
Saudi Arabian Royal Flight,18,18
SCADTA,18,19
Shangri La Air,18,18
Sudanese Air Force,18,18
TABSO,18,18
TACV-Cabo Verde Airlines,18,18
Taiwan Aviation,18,18
Transaven,18,18
Aerocondor de Colombia,17,59
Air Carriers Express Services Inc,17,17
Air Congo,17,17
Air Fiji,17,17
Air Ivorie,17,17
ALADA,17,29
Asian Spirit,17,17
Central Mountain Air Services,17,18
Charter - Aerotaxi,17,17
Colonial Western Airlines,17,18
Columbia Pacific Airlines,17,17
Commercial Airways (Comair),17,17
Conviasa Airline,17,51
Cougar Helicopters,17,18
Cubana de Aviacon,17,351
Grands Express Aeriens,17,17
Japanese Air Force,17,17
Lloyd Aero Boliviano SA,17,17
Magistralnye Avialinii,17,17
Middle East Airlines / Military - Turkish Air ForceC-47,17,17
Military - Burma Air Force,17,17
Military - Greek Army,17,17
Military - Spanish Air Force,17,37
Military - Zimbabwe Air Force,17,17
Nacional de Aviacion,17,17
NLM (Nederlandse Luchtvaart Maatschappij),17,17
Orient Airways,17,41
Pacific United States Air Freight,17,17
Pan American Grace Airlines,17,30
Paraense Transportes Aéreos,17,17
Private Charter,17,17
Servicio Aereo Columbiano / SCADTA,17,20
Shelter Cove Sea Park,17,24
Slick Airways,17,21
Société Aérienne de Tr. Tropicaux,17,21
Union Aeromaritime de Transport,17,85
Wings West Airlines / Private,17,17
Yakutavia,17,29
Aerocon,16,27
Aerolift,16,16
Aeroservicios Empresariales de Durango,16,19
Air Logistics,16,19
Air Ocean,16,16
Aria Airlines,16,153
Associated Aviation,16,20
Avion Airways,16,27
Bond Offshore Helicopters,16,16
Condor Flugdienst,16,16
CSA Czech Airlines,16,17
Eastern Air Lines / Military - USN,16,16
Ejercito del Aire,16,16
Grand Canyon Airlines,16,27
Guardia Nacional de Venezuela,16,16
Harka Air Services,16,80
Heart of Texas Hot Air Balloon Rides,16,16
Heliandes,16,16
Holmstoem Air,16,16
Laos Air Force,16,17
Maddux Airlines,16,16
Mid Continent Airlines,16,25
Military - Corrieri Aerei Militari,16,16
Military - Força Aérea Brasileira,16,16
Military - Fuerza Aérea Panamena,16,16
Military - People's Liberation Army,16,16
Military - TAM,16,
Military - U.S. Navy / NASA,16,17
NOAR Linhas Aéreas,16,16
Nordeste Linhas Aéreas,16,21
Pan Malaysian Air Transport,16,16
Perris Valley Aviation,16,22
Reeve Aleutian Airlines,16,16
Robinson Airlines,16,23
RRC Air Service,16,16
SFC Vietnam - Charter - Full Account,16,16
Siamese Airways,16,16
Societe France Hydro,16,16
Societe Indochinoise de Raviteillement,16,23
Southwest Air,16,18
Transair Sweden,16,16
Transported Areos Profesionales - TAPSA,16,16
Tuninter,16,39
Universal Airlines,16,22
USMC,16,16
Vanair,16,21
Vehu Akat,16,16
Vertical-T Air,16,21
Vostok Aviakompania,16,16
Aerochasqui,15,15
Aero-Tropics,15,15
Air Comores,15,16
Air Guinee,15,17
Air Orient,15,25
Air Taxi - Petroleum Helicopters Inc.,15,15
Air US / Private,15,19
Bristol Aeroplane Co.,15,15
Devlet Hava Yollairi,15,15
East Provincial Airways,15,21
Empressa Commun. Aéreas de Veracruz,15,15
Helicopteros Nacionales de Colombia,15,15
Indonesian National Police,15,18
Jersey Airways,15,22
Kirghizia Aba Zaoldoru,15,15
LARES,15,33
Macchi,15,15
Military - Finish Air Force,15,15
Military - Russian Air Force/Uzbekistan Airways,15,15
Mongolian Defense Ministry,15,22
National Air Cargo,15,15
Necon Air,15,15
Nordeste Linhas Aereas,15,15
Norilsk Flight Company,15,15
Pacific Air Transport,15,16
Panair do Brasil SA,15,15
Panair do Brazil,15,105
Private - Airfast Indonesia,15,17
Proteus Air / Private,15,15
Réseau Aérien Interinsulaire,15,15
Saha Air,15,16
Syktyvkar Avia,15,16
Talia Airways,15,15
Trans World Airlines / Castleton Inc.,15,15
Turuhan Avia,15,26
Western Air Express,15,23
Aero Brasil,14,28
Aero Club Libya,14,14
AIDA,14,16
Air Charter,14,18
Air Kasai,14,14
Air South,14,14
Airtech Rajawaldi Udara,14,20
British European Airways / Military - British,14,14
British European Airways / Military - Soviet Air Force,14,14
Burke Air Transport,14,36
Caproni Company,14,14
Central American Airways,14,14
Cessnyca,14,14
Continental Express,14,14
Cooper Skybird Air Charters,14,14
Copterline,14,14
CORAL Colombia,14,29
DETA,14,14
Eagle Cap Leasing,14,14
First Air,14,17
Golden West Airlines / Private,14,14
Great Lakes Business Complany,14,15
HeliCusco,14,14
Indamer,14,14
Japan Air Self-Defence Force,14,14
Kalinin,14,20
Komi Avia,14,15
Laser Aereo Colombia,14,14
Lockheed AC-130H Hercules,14,14
Military - Fuerza Aérea de Chile,14,14
Military - Kenya Air Force,14,17
Military - Niger Air Force,14,14
Military - Portuguese Air Force,14,14
Pacific Northern Airlines,14,14
Provincetown - Boston Airlines,14,19
Pulkovo Aviation Enterprise,14,16
Ryan Blake Air Charter,14,14
SADELCA,14,14
Sasco Air Lines,14,14
Savannair,14,14
Seattle Air Charter,14,30
Skyline Airways,14,14
Societe Transatlantique Aerienne,14,14
Transportes Aéreos Salvador,14,14
Transportes Aereos Pegaso,14,14
United Express / Private,14,14
Vieques Air Link,14,19
YPFB Transportes Aereos,14,16
Advance Airlines,13,13
Aerotaca,13,29
Air Wisconsin,13,15
Airlines PNG,13,13
British Airways,13,510
Caribbean International Airways,13,13
CHC Helikopter Service,13,13
Chicago Helicopter Airways,13,13
Columbia Air Cargo,13,13
Corporate Airlines (American Connection),13,15
Czech Airlines,13,18
Czechoslovak Airlinex,13,42
Dalmia Jain Airways,13,13
Danish Air Force,13,13
DNL Norwegian Air Lines,13,14
Edde Airlines,13,13
Eitos,13,13
Flight Service,13,13
Hageland Aviation Services,13,13
Holymans Airways,13,13
Illegal flight,13,13
Indonesian Air Force,13,13
Indonesian Police,13,13
International Control Commision,13,13
Leeward Islands Air Transport,13,13
L'Express Airlines,13,15
Lineas Aereas Unidas,13,21
Mercury Aviation,13,13
Military - Armée de l'Air Malgache,13,13
Military - Fuerza Aerea Colombiana,13,16
Military - Fuerza Del Peru,13,13
Military - Government of Equatorial Guinea,13,13
Military - Indonesian Army,13,21
Military - U.S. Army Air Corps,13,13
Military - Zambia Air Force,13,13
Military -Fuerza Aerea Colombiana,13,13
National Air Transport Services,13,13
North Central Airlines / Air Wisconsin,13,13
North Western Air Transport,13,13
Okanagan Helicopters,13,13
Private - Ashland Oil Company,13,13
Private - Overtec Company,13,13
SAVCO,13,13
Senegalair,13,17
Servicios Aereos Martinez Leon,13,13
TARS,13,26
Trans Continental Air Transport,13,13
TsAGI,13,19
TVPX Aircraft Solutions,13,13
United States Aeronautical Industries,13,13
West African Airways,13,13
Yemen Airlines,13,13
Aero Peru,12,69
Air Affaires Gabon,12,12
Air East,12,17
Akhal Air,12,12
Alantis Aviation,12,12
American Airlines / Military - USAF,12,13
Aramco Associated Company,12,20
AV Air / American Eagle,12,12
Balair,12,12
Bek Air,12,98
Butler Aviation Inc.,12,12
Capital Airlines / Military - Air National Guard,12,13
Channel Airways,12,18
Commercial Airways,12,12
Det Danske Luftfartselskab,12,21
EDELCA,12,12
Exportada De Sal S.A.,12,12
Flota Aérea Mercante Argentina,12,51
Fuerza Aérea Uruguaya,12,15
Guinea Airways Limited,12,12
Katekavia Airline,12,15
Knight Air,12,12
Lan Chile,12,12
Lineas Aereas Mineras,12,12
Magyar Legiforagalmi,12,12
Malert Airlines,12,16
Military - Indian Navy,12,12
Military - Romainian Air Force,12,14
Military - Russian Army,12,15
Military - Turkish Army (NATO),12,12
Naure Air,12,12
New York Airways,12,38
Northern Thunderbird Air Ltd.,12,12
People's Liberation Army Air Force,12,12
Rwanda Government,12,12
"SAVG (S.A. Viacao Gaucha, ) SAVG",12,12
SEMAF,12,12
Spair Air Transport,12,12
Spencer Airways / Ceskoslovenske Aerolinie,12,23
SUDENE,12,12
Sunbird Aviation,12,12
TAM (Transportes Aereos Militares),12,12
TAUSA,12,12
Transportes Aereos Peruanos,12,12
Ukraine Air Alliance,12,15
Viacao Aerea Gaucha S.A.,12,12
Volga Air,12,12
Aeroleo Taxi Aereo,11,11
Aerovias Cuba International,11,11
Air Tahiti,11,22
AirWest Airlines,11,13
American Export Airlines,11,37
APRL,11,25
Avesca Colombia,11,11
Avis Amur,11,11
Bavaria Flug,11,11
BHS - Brazilian Helicopter Service Air Taxi,11,31
CATA,11,11
Connair,11,11
Costal Aviation,11,11
Filipinas Orient Airways,11,11
Fred Olsen Flyveselskap,11,29
Hati Express,11,15
Helicsa,11,13
Kavatshi Airlines,11,11
Khors Aircompany,11,11
LAC Colombia,11,15
Libyan Air Cargo,11,11
Living Water Teaching Ministries Charter,11,18
Metro Air Systems,11,11
Mililtary - Soviet Air Force,11,11
Military - Bulgarian,11,11
Military - Colombia Air Force,11,11
Military - Macedonian Air Force,11,11
Military - Servicio Aereo Nacional,11,12
Military - Yemeni Arm,11,11
Navegacao Aerea Brasileira,11,11
Patuxent Airways / Private,11,11
Petrolium Helicopter,11,11
Philippine Aerotransport,11,17
Private - Kabanov - skydiving,11,25
Private - Parajump air show,11,12
Propair,11,11
Russian Ministry of Interior,11,11
Sabang Merauke Raya Air Charter,11,24
Sunflower Airlines,11,14
Texas International Airlines,11,11
Trans International Airlines,11,11
Transaviaexport Airlines,11,11
Aero Asahi,10,
Aero Condor,10,10
Aerovias del Norte,10,10
Aerovias del Valle,10,10
Air 70,10,10
Air Carriers,10,10
Air Illinois,10,10
Air Jordan,10,15
Air Malawi,10,10
AKF Polet,10,10
Aspring Air,10,10
Avistar Mandari,10,10
Borneo Airways,10,10
Bourag Indonesia Airlines,10,10
British Overseas Airways /Qantas,10,10
CAMBA,10,11
Cia Brasiliera de Tratores,10,10
Cordova Airlines,10,11
Delta Air Lines/ North Central Airlines,10,133
Duncan Aircraft Sales,10,10
Fairways (Filipinas Orient Airways),10,12
Flightline,10,10
Gander Aviation,10,10
Guernsey Airways,10,10
Gum Air Charter,10,10
Hoseba,10,10
International Security Assistance Force,10,13
Japan Aviation Corporation,10,15
Johnson Flying Service,10,28
Kisangani Airlift,10,11
Krasnoyarsk Airlines,10,12
Lao Cathay Airlines,10,12
Leadair - Charter,10,10
Military - Japan Air Self Defense Force,10,10
Military - Kazakhstan border guard service,10,13
Military - Luftwaffe,10,10
Military - Thai Army,10,10
Military - Venezuelan National Guard,10,10
Military - Yemen Air Force,10,10
National Air Transport,10,10
North Bay Charter,10,10
Parsa,10,10
PenAir,10,10
Petropavlovsk-Kamchatsky Air Enteprise,10,14
Pittsburgh Skyways Inc.,10,11
Polyarnya Aviatsiya,10,10
Private - Boeing Aircraft Company,10,10
Private - Hendrick Motorsports Inc.,10,10
Private - Techint group,10,10
Rediske Air,10,10
Russ Air Transport Company,10,10
Sadai,10,10
Scenic Air Lines,10,10
Service Air,10,10
Servicios Aereos Santa Ana,10,10
Skywest Airlines / Private.,10,10
South Central Airlines,10,10
Southeast Airlines,10,10
STAP,10,19
Sudania Air Cargo,10,10
Svenska Aero,10,10
Tanzania Aviation,10,10
TAO,10,12
Transportes Aereos Don Carlos - Charter,10,10
Ukraine Aviation Transport Company,10,10
United Nations Mission,10,10
Valley Air Service,10,10
Varney Air Lines,10,11
Wien Air United States,10,32
Zantop Air Transport,10,10
Aaxico Airlines,9,9
Aero Sudpacifico,9,9
Aerolineas Cuahonte,9,9
Aerolineas La Gaviola,9,9
Aeronorte,9,9
Air Atlas,9,14
Air Manitoba,9,9
Amazonese Importacao e Exportacao,9,18
Archana Airlines,9,9
Arrow Airlines,9,9
Atlantic Airlines,9,13
Atran,9,9
Aviastar Mandiri,9,9
Cable Commuter,9,9
Colonial Air Transport,9,23
Communicaciones Aereos de veracruz,9,9
Eastern Provincial Airways,9,14
ETA - Empresa Transportes Aéreos,9,9
Fiji Air Services,9,9
Haïti Air Inter,9,9
Handley Page Transport,9,13
Hibiscus Air,9,9
IrAvia,9,9
Junction City Fire Department,9,13
LACSA,9,17
Liberty Helicopter Sightseeing Tours / Private,9,9
Majuba Aviation,9,9
Military - Government of Macedonia,9,9
Military - Tentara Nasional Indonesia Navy,9,9
Ministerstvo Obshchestvo Mashinostroyeniya,9,9
Moskovia Airlines,9,9
North Pacific Airlines,9,9
Northwest Airlink,9,22
Oefag Flugdienst,9,9
Palwaukee,9,9
Private - Facilities Management Co.,9,9
Promech Air,9,9
Scenic Air Tours,9,9
Scenic Airlines,9,9
Servicio Expresso Nacional,9,9
Silk Way Airlines,9,9
Sky Dive New Zealand,9,9
Skyways,9,9
STAAP,9,9
Star Aviation,9,9
Syrian Air,9,
TAG Airlines,9,9
Trans Air Cargo,9,9
Trans Colorado AL / Continental Express,9,17
Transafrik - United Nations Charter,9,9
Transamerican Air Transport,9,9
Transport Comp. Algerienne de T.A.,9,9
Transportes Aéreos de Timor,9,9
Tura Air Enterprise,9,9
Turkish Airlines,9,134
United States Coastal Airlines,9,9
UTA,9,19
VIARCO,9,9
Vologodskiye Airlines,9,9
Adventure Airlines,8,8
Aero Transportes,8,8
Aero Tropical,8,8
Aerolineas Flecha Austral,8,8
Air Force of the Democratic Republic of the Congo,8,8
Air Liberia,8,9
Airborne Express,8,8
Airlines of Australia,8,10
ALIANSA Colombia,8,8
Aramar,8,8
Arsenyev Aviation Production Association,8,20
ATI Aircompany,8,8
BAL Bremerhaven Airline,8,9
Bar Harbor Airlines,8,8
Bearskin Airlines / Air Sandy,8,8
Blue Wings Airlines,8,8
Braniff Airways,8,12
Cargolux,8,8
Century Pacific Lines,8,8
Ceskoslovenské Aerolinie,8,9
Charter - Air Adventures New Zealand Ltd,8,10
Charter - Central Air,8,8
Chicago Southern Airlines,8,8
Circuit City Stores - Charter,8,8
East Coast Jets,8,8
Flyve Tjenesten,8,9
Fuerza Aerea Mexicana,8,8
Galaxy Kavatsi Airlines,8,8
GAS Air,8,8
General Air,8,13
Island Airways Ltd.,8,8
Jetcom S.A.,8,8
Kata Transportation,8,8
Lineas Aéreas Interpolar,8,8
Lineas Aéreas Suramericanas,8,8
Lineas Aereas Comerciales,8,8
Lion Air Inc.,8,8
Lloyd Aéreo Boliviano,8,35
Loganair,8,23
Malu Aviation,8,32
Military - Kuwait Air Force,8,8
Military - Peruvian Air Force - TANS,8,41
MK Airlines,8,20
New England Airlines,8,8
Northwest Airlines/ Northwest Airlines,8,198
Nuna Air,8,8
Panama Airways,8,8
Paul Kelly Flying Service Inc.,8,8
Petroleum Helicopters Inc,8,9
Private - Corporate,8,8
Private - Daewoo Shipbuilding,8,12
Rico Taxi Aero,8,16
SAN Ecuador,8,100
Servivensa,8,36
Sun Way,8,8
Suomen Urheiluilmailijat,8,8
Swedish Air Force,8,8
TAME Ecuador,8,23
Tranair,8,8
Union Airways,8,9
Universal Airways,8,8
Virgin Islands Airways,8,12
Volare Aviation Enterprise,8,8
Volga-Dnepr Airlines,8,8
Wasaya Airways,8,8
Western Straits Air,8,10
Wheeler Airlines,8,9
Whyalla Airlines,8,8
Aéropro,7,7
Aero Fret Business,7,7
Aerocom,7,7
Aerogulf,7,7
Aerotechnia,7,7
Air Karibu,7,7
Air Luxor,7,7
Air Satellite,7,10
Air Taxi - Air Grand Canyon Inc.,7,7
Air Taxi - Coastal Helicopters Inc.,7,7
Air Taxi - Hawaii Helicopters Inc.,7,7
Air West,7,7
Airbus Industrie,7,7
Airwork,7,57
Ala Littolia,7,7
Alpine Adventures,7,7
AmazonavesAir Taxi,7,7
Ambler Air Service,7,9
American Jet,7,7
Angara Airlines,7,37
Antilles Air,7,20
Arctic Wings & Rotors,7,7
Autrex,7,7
Avio Linee Italiane Avio Linee Italiane,7,7
AZAL Cargo Company,7,7
Bako Air,7,7
Bharat Airways,7,7
Blue Hawaiian Helicopters,7,7
Bristop Aeroplane Company,7,7
Britavia,7,80
British Aircraft Corporation,7,7
British Columbia Airways,7,7
Carib Air Transport,7,7
Cascade Airways,7,9
Compagnie Africaine d' Aviation (CAA),7,10
Daimler Airways / Grands Express Aeriens,7,7
Den Norske Luftfartskole,7,7
Eagle Commuter,7,10
El Magal Aviation,7,7
Falcon Aviation Group,7,7
Frigorifico Maniqui,7,10
Frontier Airlines,7,7
Ghana Airlink,7,52
Golden Star Air Cargo,7,7
Greek Government,7,13
Guicango,7,7
Herfurtner Company,7,10
Hillman's Airways,7,7
Juba Air Cargo,7,12
Korean Air,7,7
Mannin Airways,7,8
Marquise Aviation Corp.,7,7
Marsland Aviation,7,42
MATS - Manila Aero Transport System,7,24
Mililtary - Royal Canadian Air Force,7,7
Military - Ejército del Aire,7,7
Military - Fuerza Aérea Colombiana,7,7
Nahanni Air Services,7,7
NARZ,7,10
National Parks Airways,7,7
Procuradoria General de la Republica,7,7
Railway Air Service Ltd.,7,7
Rapid Air Transport,7,7
Reynolds Airways,7,12
Rutas Internacionales Peruanes,7,7
SATCO,7,29
Savanair,7,24
Security Air,7,7
Skylink Airlines,7,7
Società Aerea Teseo,7,10
Soldotna Air Services,7,7
Starwood Management LLC,7,7
Sundance Helicopters,7,7
Swan Aviation,7,7
Transoriente Colombia,7,29
Urcupina,7,7
Winged Cargo Inc.,7,7
XL Airways leased from Air New Zealand,7,7
YPF,7,7
Adastra Airways,6,
Aero Cozumel,6,19
Aeronaves de Panama,6,6
Aeronorte Colombia,6,6
Aeropostale - La Tecoere Company,6,6
Aeroservicios,6,6
Air Congo (BIAS)?,6,14
Air Ivoire,6,6
Air Martinique,6,6
Air Memphis,6,6
Air Methods / Classic Helicopters,6,7
Air Sirin,6,6
Air taxi - Lider Air Taxi,6,6
Air Taxi - Ohana Helicopter Tours,6,6
Air Taxi - Uyak Air Services Inc.,6,7
Alisansa Colombia,6,6
Alliance Airlines,6,6
Angola Air Charter,6,6
Archipelagos Service Aereos,6,6
ATI,6,7
Aurukun Air Services,6,6
Austin Airways,6,11
Avalki Air,6,10
Azzi,6,6
Bay of Plenty Airways,6,6
BKS Air Transport,6,8
Boeing Air Transport,6,9
Charter - Air Cush,6,10
Compagnie Internationale de Navigation Aérienne,6,6
Corporacion Boliviano de Fomento,6,6
Cruzeiro do Sul,6,17
Dai Nippon,6,6
de Havilland Dove,6,7
Eagle Air,6,6
Ecuato Guineana de Aviacion,6,6
ETA Air Charter,6,6
Euro Asia Aviation,6,6
Executive Jet Sales Inc.,6,6
Grands Express Aeriens (Air Union),6,6
Great Western and Southern Air Lines,6,6
Guinea Airways,6,6
Heavylift Cargo Airlines,6,12
Houston Metro Airlines,6,12
IAS Cargo,6,6
Kodiak Airways,6,10
L & J Company,6,26
Lake Havasu Air,6,6
Laos Air,6,6
Maddux Airlines / Military - U.S.Army Air Force,6,6
Manx2,6,12
Marine Airways,6,6
Meteor Air,6,7
Military - Lybian Arab Air Force,6,6
Miltiary - U.S. Airforce,6,6
Misair,6,6
Morton Air Services,6,8
Oeste Linhas Aereas,6,6
Page Airways,6,13
Papillon Grand Canyon Helicopters of Las Vegas,6,7
Pilgrim Airlines,6,17
Presidental Airways Inc. - Air Taxi,6,6
Price Aircraft Company,6,6
Railway Air Services Ltd.,6,6
Rinaldo Piaggio,6,6
Rotor Airs Inc - Air Taxi,6,7
Royal Air Laos/PENAS,6,9
SA Amazonica,6,30
Saint Lawrence Airways,6,10
Saturn Airways,6,6
Seair Seaplanes,6,8
SeaWind Aviation,6,10
Servicio Aereo Manchupo,6,6
Sky Cabs,6,8
Skypower Express Airways,6,32
Societa Anonima Aero Expresso Italiana,6,6
State Airlines,6,6
Transaereo 5074,6,6
United Express,6,6
United States Travel,6,6
University of Michigan Health System,6,6
UTAir Airlines,6,57
Walcot Air Line,6,6
Wasa Wings,6,12
Wehite Cap Aviation,6,6
Winship Air,6,6
AE Aviation,5,5
Aero Limited,5,6
Aerocondor,5,5
Aerolineas Argo,5,5
Agco Corp,5,5
Air Amercia,5,5
Air Cameroon,5,5
Air Cargo Carriers,5,5
Air Fiordland,5,5
Air Freight New Zealand,5,5
Air Hawaii,5,5
Air Rouergue,5,6
Air Taxi - El Aero Services Inc.,5,5
Air Taxi - Marco Zero Air Taxi,5,5
Air Taxi - Paramount Aviation Corp.,5,5
Air Taxi - US Helicopters Inc.,5,5
Air Transport Charter,5,7
Airborne Freight Company Union,5,5
American Express Leasing,5,5
Ansett New Zealand,5,21
Atlantic Coast Airlines (United Express),5,8
Australian Corporate Jet Centres PTY. LTD,5,5
Austria-Flugdienst,5,5
Bearskin Airlines,5,7
Belize Air International Ltd.,5,12
BHS - Brazilian Helicopter Services,5,5
Bimini Airways,5,5
Blue Hawaiian Helicopter,5,5
Bodensee Aerolloyd,5,5
Caribbean Airlines,5,5
CATA Linea Aerea,5,5
Central Airlines (Universal Aviation Corporation),5,5
Compagnie Franco-Roumaine de Navigaation Aerienne,5,5
Cross Airways,5,5
Daimler Airways,5,5
Darbhanga Aviation,5,11
Djibouti Airlines,5,13
Douglas Aircraft,5,6
Douglas Aircraft Company,5,5
Emery Worldwide,5,5
Franco-Roumaine,5,5
Frigorifico Reyes,5,5
Frigorifico Santa Rita,5,5
Fuerza Aerea Colombiana,5,5
GCI Communications Corp.,5,9
Hageland Aviiation,5,5
Harbour Air Seaplanes Ltd.,5,5
Heringer Taxi Aero,5,5
Holyman Airways,5,5
Horizon Properties,5,16
Interamericana de Aviacion,5,5
Jack Harter Helicopters,5,5
Japan Air / Japan Flying School,5,5
Jett Paqueteria SA,5,5
LANC Colombia,5,18
Laurentian Air Services,5,11
Liberty Helicopters,5,6
Lineas Aéreas Brasil,5,30
Lineas Aéreas Sud Americana,5,5
Lufthansa Cargo Airlines,5,5
Manacá Táxi Aéreo,5,5
Mango Airlines,5,5
Med Flight Air Ambulance - Private,5,5
Military - Chadian Air Force,5,7
Military - Greek Air Force,5,5
Military - Japanese Air Self-Defence Force,5,5
Military - LADE,5,8
Military - Malaysian Air Force,5,5
Mustang Aviati,5,5
Nordchurchaid,5,5
North Queensland Airways,5,9
"NY, Phil., Washington AW",5,5
Oriental Airlines,5,39
Pan American Airways (Scadta),5,6
Petrolium Helo Inc.,5,5
Philippine Air Express,5,5
Phoenix Aviation,5,5
Private - Omniflight Helicopters,5,5
Procuraduría General de la República,5,17
Red Wings Airlines,5,8
Reeder Flying Service,5,27
Renan Airways,5,5
Rusts Flying Service Inc.,5,5
Sankuru Air Service,5,9
Scarta,5,5
Selva Taxi Aero,5,24
Servicio Aéreo Panini,5,10
Sky Executive Air Services,5,5
Skyways of London,5,57
Smoky Mountain Helicopters,5,5
Societa Aerea Mediterranea,5,5
South Airlines,5,45
Southern Cross Airways,5,5
Spokane Airways,5,5
Sunbeam Air Transport Co.,5,5
Sundance Helicopters Inc.,5,5
T & G Aviation,5,5
Taquan Air Service,5,5
Tashkent Aircraft Production Corporation,5,7
Tepper Aviation,5,5
Transamazonica,5,9
Trans-Canada Air Lines,5,5
Transpolar,5,5
Tyee Airlines,5,5
Tyumen Aviatrans,5,34
United States Helicopter - Air Taxi,5,5
Universal Jet Aviation,5,5
Vincent Aviation,5,10
Western Canada Airways,5,6
Westwing,5,6
Wien,5,6
Winchester Air,5,5
Zakavia,5,5
Ababeel Aviaition,4,4
AECA Cargo,4,4
Aeralpi,4,5
Aero Eslava,4,4
Aero Jet Express,4,4
Aerolineas Flecha Austral - ALFA,4,4
Air Ambulance - Med-Trans Corp.,4,5
Air Angles Inc.,4,4
Air Gaspé,4,4
Air Taxi - South Coast Helicopters Inc.,4,4
Alpa Servicios Aéreos,4,4
Alpha Airways,4,4
Ansett Airlines of Papua New Guinea,4,4
Arall,4,11
Arax Airlines,4,4
Astro Air Taxi,4,4
Atlantic Airways,4,16
Atlantic Central Airlines,4,6
BAFIN,4,4
Bahia Taxi Aéreo  Bahia Taxi Aéreo  Bahia Taxi Aéreo,4,4
Belgian International Air Services,4,4
Binter Mediterráneo,4,47
Blue Bird Air Service,4,4
Branch River Air Service,4,4
Burlington Air Express,4,4
Business Air Connection,4,4
Canadian Colonial Airways,4,4
Canairelief Air,4,4
Capitol Airways,4,4
Carga Aereo Transportada,4,4
Compagnie Air Transport,4,6
Comvac Aviation,4,4
Corp. Aeronautica de Transportes,4,4
Dan-Air Services,4,5
de Havilland Air Service,4,4
Dwyer Flying Service - Private Charter,4,4
Emirates Air Transport,4,4
Eurasia,4,4
"Evergreen United States Helicopters, Inc.",4,4
Fine Air,4,4
General Airways,4,29
Global Executive Aviation,4,6
Goose Bay Air Services,4,5
Heli-USA Airways,4,7
Heliwork WA Pty Ltd. - Air Taxi,4,4
Heringer Air Taxi,4,4
Hevlift,4,9
HiTech Helicopters,4,4
Interstate Airlines,4,4
Island Airways,4,14
Island Express Helicopter Service,4,6
Jet Avia Charter,4,4
Kenting Air,4,4
Kodiak Western United States Airlines,4,4
Labradore Airways,4,4
LAC Columbia,4,4
LifeNet,4,4
Lignes Aeriennes Latecoere,4,4
Linea Expresa Bolivar,4,4
Lineas Aéreas Nacionales,4,6
Lineas Aereas del Caribe,4,4
LOT,4,11
Lufthansa Cityline,4,23
Maryland State Police,4,5
McKinley Air Service - Air Taxi,4,4
Metro Cargo,4,10
Middle States Airlines,4,4
Military - German Air National Guard,4,4
Million Air,4,4
Minerva Airlines,4,31
Monmouth Airways,4,8
Mt. McKinley Airfreight,4,4
My Cargo Airlines (ACT Airlines),4,4
New England Aviaiton,4,4
New Standard Airlines,4,4
New York Helicopter,4,25
Nordair,4,4
North Coast Aviation,4,4
Northern Air Cargo,4,4
Okada Air,4,53
Onzeair,4,4
Ornge Air Ambulance,4,4
Paradise Tour Helicopters,4,4
PHI Air Medical,4,4
Plane Sailing,4,18
Private - Mainline Aviation,4,4
PT Air Regional,4,16
REAL Transportes Aereos,4,4
Riddle Airlines,4,4
Ruiban & Duran Compania Aérea,4,10
Safe Air Cargo,4,4
Sahara,4,4
Salair,4,4
Sarit Airlines,4,4
Servicios Aéreos Boliviano,4,4
Servicios Aéreos Cochabamba,4,4
Skyward International Aviation,4,4
Soc. de Tr. Aériens d'Extrême Orient,4,4
Société de Transports Aériens,4,4
Societe Indochinoise de Transport Aeriens,4,4
Sowind Air,4,17
Straits Air Freight Express,4,4
Survair,4,10
TanaMana Aviation,4,11
TAR,4,4
Temsco Airlines,4,4
Trans Aircraft (Western) Ltd.,4,4
Trans World Airlines / Eastern Air Lines,4,112
Transamerica Airlines,4,4
Transmeridian Air Cargo,4,4
Transportes Aéreos Mexicanos,4,5
United States International Air,4,4
Valan International Cargo Charter,4,10
Victoria Air,4,4
Victoria Airlines,4,11
Village Airways,4,4
Zantop International Airlines,4,4
A B Aerotransport,3,17
èkoda (India) Ltd,3,3
Abakan Airlines,3,19
Aerial Transit Company,3,3
Aero Air,3,3
Aero Ejecutivos,3,3
Aero Mayflower Transit Co,3,3
Aerocontroctors - Charter,3,5
Aeroextra,3,3
Aeronaves del Peru,3,7
Aerotransportes Petroleros,3,7
Aerovanguardia,3,3
African Commuter Services,3,13
Air ambulance - Mercy Air Services,3,3
Air Bissau,3,13
Air Continental,3,3
Air Haiti International,3,3
Air Outre-Mer,3,3
Air Saint Maurice Inc.,3,7
Air Senegal / Gambia Airways,3,3
Air Services,3,5
Air Tahoma,3,3
Air Taxi,3,3
Air Taxi - Airis Helicopters Inc.,3,3
Air Taxi - Bohemia Inc.,3,3
Air Taxi - EMS,3,3
Air Taxi - Great Northern Aircraft Co.,3,7
Air Taxi - National Helicopters,3,3
Air Taxi - Papillion Helicopters Ltd.,3,7
Air Taxi - Raco Helicopters Corp.,3,3
Air Taxi - Talon Air Services Inc.,3,3
Air Taxi - Tundra Copters,3,3
Airquarius Aviation - Charter,3,3
Airways,3,3
Alamo Airways,3,3
Alas del Sur,3,3
All West Freight,3,3
Alyemda Airlines,3,73
Amee de l'Air,3,4
Ameristar Jet Charter,3,4
Angel Flight,3,3
Associated Airways,3,4
Atlantic City Airlines,3,10
Atlas Air serving Amazon,3,3
Aviation Enterprises,3,3
Aviatour's Fly'n Inc.,3,4
Avient Aviation,3,7
Avirex,3,10
Azov Avia Airlines,3,7
Bankair,3,3
Bond Air Services Ltd.,3,3
British American Air Services,3,3
Britt Airways,3,3
Business Jet Services,3,3
California Aircraft,3,3
Carga del Caribe,3,5
CCCP,3,5
Century Air Lines,3,5
Cie des Messageries Aeriennes,3,3
Commercial Air Taxi,3,3
Continental Air Lines,3,3
Continental Air Transport,3,3
Conviasa,3,3
Corporate Mobility Inc. - Private,3,3
Deraps Aviation,3,4
Dirgantara Air Service,3,3
Dominion Air Lines,3,3
Don Everall Aviation,3,3
Dutch Continental Airways,3,10
E.A.S. Aeroservizi,3,3
Eastern Air Lines / Military - U.S. Army Air Corps,3,10
Eastern Air Transport,3,3
ERA Aviation - Air Taxi,3,5
Evolga,3,3
FedEx,3,3
Fleming International Airways,3,3
Fly 540,3,3
Fly Montserrat,3,4
Fragtflug,3,3
Frontier Flying Service,3,10
Garamut Aviation,3,3
Glow Air/Air Castle - Charter,3,6
Greylock Airways / Private,3,14
Guyana Airways,3,3
Hallo Bay Air - Air Taxi,3,3
Harbour Air,3,3
Harrington's Inc,3,3
Helaire Helicopter,3,3
Helicol Colombia,3,3
Ibertrans Aérea,3,3
Independent Air Travel,3,3
Interisland Airlines,3,6
KLM Cityhopper,3,24
Knowles Flying Service of Detroit,3,12
Kogalmavia,3,124
Líneas Aéreas Suramericanas,3,3
Les Ailes de Gaspé Inc.,3,3
Lina Congo,3,8
Lineas Aéreas Cave,3,7
Lineas Aereas Suramericanas,3,6
Lone Star Airlines,3,3
Med-Trans Corporaion,3,3
Mercer Airlines,3,6
Monarch Aviation,3,3
Morris Hancock Flying Club - Charter,3,3
Mountain Lifeflight,3,3
Naske Air,3,3
National Air Operators,3,3
National Airways,3,11
Nationwide Air Transport,3,23
New England Airways,3,3
NewCal Aviation,3,3
North Central Airlines / Private,3,15
Northern Wings,3,10
Omniflight Helicopters Inc.,3,3
Pacific United States Airlines,3,3
Papillon,3,7
Pegasus Airlines,3,177
Professional Aviation Services,3,17
Rainbow King Lodge,3,7
RAM,3,3
Rhodesian Air Services,3,3
Rotorcraft Leasing Co,3,3
Rutas Aéreas Nacionales SA,3,3
Safari Express Cargo,3,3
Safe Air Complany,3,3
Sea Airmotive,3,3
SELVA Colombia,3,8
Simmons Airlines,3,9
Sky Train Air,3,3
Slick Airways - Cargo,3,3
Southern Air Transport,3,3
Stratofreight,3,3
Summit Air Charters,3,3
Svedijos Prekés,3,3
Swift Aire Lines Inc.,3,7
TAA,3,8
TACA International Airlines,3,136
TAMPA Colombia,3,3
TAN Honduras,3,3
Temesco Helicopter - Air Taxi,3,3
Temsco Helicopter - Air Taxi,3,4
TPI International Airways,3,3
TRACEP Congo Aviation,3,5
Trans Air Services,3,32
Trans Guyana Airways,3,8
Transportes Aereos Mexicanos,3,3
Transportes Aereos Orientales,3,14
Transporturile Aeriene Romano-Sovietice,3,8
True Aviation Ltd.,3,4
Union Aéromaritime de Transport,3,3
United Air Services,3,4
United States-Washington Airways,3,3
Uralex,3,33
Uzu Air,3,4
Varney Airlines,3,3
Venezolana,3,21
Vnukovo Airlines,3,174
Webstas Aviation Services Inc.,3,3
Wilson Airways,3,3
Wingfoot Air Express Goodyear Tire,3,
Wings Ltd,3,3
Ace Air Cargo,2,2
Aer Turas,2,2
Aerocosta Colombia,2,4
Aeroejecutivos Colombia,2,9
Aeroespresso,2,9
Aerolineas El Salvador,2,2
Aeroservice International,2,2
Aerovias Condor,2,4
African Air,2,6
Agape Flight Inc.,2,3
Air Evac Lifeteam,2,4
Air Global,2,2
Air Sunshine,2,10
Air Taxi - Centre Airlines Inc.,2,5
Air Taxi - Wolfe Air Aviation Ltd.,2,4
Air Transport Associates,2,32
Aircraft Charter Group Inc,2,2
Airfast Indonesia,2,3
Air-Lift Commuter,2,2
Airlines of PNG,2,3
AirNow,2,2
Airwave Transport,2,2
Airwork NZ,2,2
Allied Air Freight,2,2
American Airlines / Private,2,21
Ameriflight,2,2
Arctic Sunwest Charters,2,9
Australian Aerial Services,2,2
Blue Bird Aviation,2,2
Boeing KC-135E,2,7
Bombardier Aerospace,2,3
Bremerton-Seattle Air Taxi / Gorst Air Lines,2,2
Bruning Aviation,2,2
Buffalo Narrows Airways,2,2
Calair,2,2
California Air Freight,2,2
California Air National Guard,2,2
Campagnie France Roumaine,2,2
Canair Cargo,2,2
Cargo Three Panama,2,2
Castle Aviation,2,2
Central Air Services,2,2
Central Airlines,2,2
Chalk's International Airlines,2,2
Channel Express,2,2
Chelan Air Service,2,5
China Flying Dragon Aviation (Feilong Airlines),2,12
Coastal Cargo,2,2
Compagnie Sila,2,7
Currey Air Transport,2,33
Custom Air Service,2,2
Dagestan Airlines,2,169
DDL,2,16
Elbee Airlines,2,2
ELK Aviation Co. (leased from Eminex),2,17
Empire Airlines leased from FedEx,2,2
Enimex,2,3
ERA Helicopter,2,2
Era Helicopter - Air Taxi,2,7
Eurojet Italila,2,2
Evergreen International Airlines,2,2
Far Aviation - Air Taxi / Speeds Flying - Air Taxi,2,9
Farnair Hungary,2,2
Federal Express,2,2
Fiji Air,2,2
Flying W Airways,2,2
Ford Air Freight Inc.,2,2
General Aviation Inc.,2,2
GLM Aviation,2,14
Goroka Air Services,2,4
Hageland Aviation Services Inc.,2,2
Hamilton Aviation,2,2
Helicopter - Air Taxi,2,8
Helicopters Inc / KOMO TV,2,2
Hlavka Aviation - Air Taxi,2,2
Holdens Air Transport Service,2,4
Hunter Airways,2,2
Huron Air,2,3
Inair Panama,2,2
Indian National Airways,2,2
Interior Airways,2,4
Inuvik Coastal Airways,2,12
Islands of the Bahamas Inc,2,2
Jet One Express,2,2
Jet Pro,2,2
Kansas City Southern Skyways,2,2
Kappel-Van Eyck Airways,2,2
Karibu Airways,2,31
Kasthamandap Airlines,2,11
Kelowna Flightcraft Air Charter,2,2
Kuwait Airways,2,112
LACOL,2,11
Lambair,2,2
Linea Aérea Mexicana de Carga,2,4
Linea Aérea Nacional,2,30
Lineas Aéreas Costarricenses,2,2
Lineas Aéreas Trans. Brasileira,2,19
Lloyd Aero Boliviano,2,2
Mac Robertson Miller Airlines,2,11
Majestic Air Cargo,2,2
MALERT,2,2
Malindi Air Services,2,2
MASwings,2,16
Mid Pacific Air,2,2
Munz Northern Airlines,2,3
NHR Táxi-Aéreo,2,2
Norair,2,2
Norte Jet Táxi Aéreo,2,2
Northern Executive Aviation,2,5
Northern Illinois Flight Center,2,6
Overseas National Airways,2,4
Ozark Air Lines / Private,2,51
Pacific Air,2,2
Pavair,2,2
Pel Air,2,2
Perimeter Airlines,2,3
Phoenix Airlines,2,4
Pinnacle Airlines/Northwest Airlink,2,2
Pioneer Airlines,2,2
Piquiatuba Taxi Aereo,2,10
Points North Air Services,2,2
Private - Purdue Reasearch Foundation,2,2
Private - WNBC,2,2
Private KNBC Los Angeles,2,2
Ptarmigan Airways,2,2
Richmor Aviation,2,2
Rocky Mountain Airways,2,22
Rubner Flying Service,2,3
Ryan International Airlines,2,2
Sabeni,2,2
Scoala Superioara de Aviatie Civla,2,7
Servicios Americanos,2,2
SL Aviation Services,2,2
Société Auxiliare de Navigation Aérienne,2,2
Southwest Airlift,2,2
Spartan Air Services,2,3
Starair,2,2
Summit Air,2,3
Swifair,2,2
Tadair,2,2
Titan Airways,2,2
Total Air Lines,2,2
Trans Caribbean Airways,2,55
Trans Luxury Airlines,2,25
Transfair,2,2
Transniugini Airways,2,2
Two Taxi Aero,2,2
U.S. Government (leased),2,16
U.S. Overseas Airways,2,3
United Airways of New Zealand,2,2
United Parcel Service,2,2
United Parcel Service- UPS,2,2
United States Central Express,2,2
US Airlines,2,2
US Airways Express,2,2
Weasua Air Ttansport,2,10
Wedell-Williams Air Service Corporation,2,2
Wein United States Airlines Inc.,2,2
West Air Sweden,2,2
West Australian Airways,2,2
West Coast Air,2,16
Wiggins Airways,2,2
Wimbi Dira Airways,2,100
46826/109,1,33
Aerevias Centrales Air Service,1,1
Aero Cargo,1,19
Aerolatino (Aerocaribe),1,18
Aerovias Halcon,1,16
Air Bagan,1,71
Air Bleu,1,2
Air Flamence,1,1
Air Melanesie,1,8
Air New England,1,10
Air Niugini,1,47
Air North,1,3
Air Taroma,1,2
Aircraft Transport and Travel,1,1
Aircraft Travel Transport,1,1
Airline Transport,1,7
Aloha Airlines,1,95
American Air Export & Import Co.,1,2
Aray-Avia,1,12
Arctic Circle Air Service,1,1
Associated Aviators,1,2
Avtex Air Services,1,1
Bangkok Airlines,1,72
Blue Water Aviation Services,1,2
Brit Air,1,24
British World Airways,1,2
By Air,1,1
Cabo Verde Airlines,1,22
Carvair ATL-98,1,18
Catalina Airlines,1,11
Chamberlin Flying Service,1,6
Charter,1,84
Chicago-Detroit Airways,1,1
Compañia Colombiana de Navegación Aérea,1,1
Continentale Deutsche Luftreederei,1,7
Daallo Airlines,1,72
Deutche Lufthansa,1,1
Deutsche Flugdienst,1,34
Divi Divi Air,1,10
Dodita Air Cargo,1,2
Embry Riddle Company,1,1
Executive Funds,1,25
Fleming Airways System Transport,1,39
Fly Jamaica Airways,1,128
Freedom International,1,2
Frontier Air,1,4
Ghana Airways,1,33
Ginger Coote Airways,1,1
Guiena Airways,1,1
Hornbill Airways,1,17
Inter-Island,1,5
International Air Freight,1,3
Interocean,1,7
Jordan International Airlines,1,57
Kamchatavia,1,12
Kiev Production Association,1,13
Komala Air,1,6
Lehigh Acres Development Inc.,1,33
Liard Air,1,5
Lineas Aéreas Mineras,1,6
Mabuhay Airways,1,8
Manunggal Air,1,19
Mavrik Aire Transport,1,3
Military - Ecuadorian Air Force,1,1
Military - Royal Netherlands Naval Air Service,1,1
Mountain Air Cargo,1,1
Mustique Airways,1,10
National Skyway Freight Co.,1,3
North East Bolivian Airways,1,3
North Sea Aerial and General Transport,1,1
North Star Air Cargo,1,1
Northern Thunderbird Air Inc.,1,9
Northwest Airways,1,1
Ocean Airlines,1,16
Ontario Hydro,1,5
Orient Air System and Integrated Services,1,8
Pacific Airways,1,1
Pennsylvania Airlines,1,30
Pickwick Airways,1,2
Piedmont,1,
Planemasters,1,1
Private - Aero Trans Corp,1,1
Private - de Havilland Aircraft,1,1
Provincial Airlines,1,2
Purdue Airlines Inc.,1,27
Rovos Air,1,19
Royal Indian Air Force,1,2
Rwandair,1,15
S.A.M. Società Aerea Mediterranea,1,12
SA Airlink,1,3
Saskatchewan Government Northern Air Operations,1,3
Servicios Aereas Virgen de Copacabana,1,8
Servicios Aeronauticos Sucre (SASCA),1,16
Skycraft Air Transport,1,2
Skyline Transportation Company,1,1
Skyvan Airways,1,2
Snow Valley Ski Lines,1,30
Socotra,1,24
South Pacific Island Airways,1,14
Southcentral Air,1,2
Southwest Airlines,1,394
Speed Service Couriers,1,2
Starways,1,3
STASA,1,3
Strait Air,1,1
Superior Aviation,1,1
Syrian Arab Airlines,1,19
TAM Paraguay,1,27
TASSA,1,28
Tiramavia,1,10
Trans Isle Air,1,13
Transamerican Airlines,1,1
Transmandu,1,2
TriCoastal Air,1,1
Ukvozduchput,1,1
Uni Air,1,96
USA Jet Airlines,1,2
West Wind Aviation,1,25
Win Win Aviation,1,3
Wyoming Air Service,1,1
Zanex,1,10
Air Transat,0,304
Allied Air,0,4
American International Airways,0,72
Ararat Avia,0,37
Centurian Air Cargo,0,8
China Airlines,0,165
Emirates,0,300
Fokker,0,0
KLM Royal Duch Airlines,0,4
Reeve Aleutian Airways,0,15
Regional Compagnie Aerienne Europeenne,0,54
Transcontinental &Western Air,0,11
US Airways,0,155
Western Helicopter,0,1
